ID,Фамилия,Email,Дата регистрации,Сайт
08,Callahan,urangel@espinoza-francis.net,2020-08-26,espinoza-francis.net
26,Ferrell,xreese@hall-donovan.com,2020-04-27,http://www.escobar.org
1,Andersen,haleybraun@blevins-sexton.com,2022-03-22,hall-donovan.com
04,Ponce,hohailey@anthony.com,2020-07-02,https://tyler-pugh.info
27,Mccormick,alvaradojesse@rangel-shields.com,2021-01-17,https://www.mack-bell.net
2,Lee,briangriffin@chang.org,2021-08-13,blevins-sexton.com
3,Hoffman,bauergerald@morrison.com,2020-04-09,https://delacruz-freeman.org
03,Wiggins,changkellie@howell.com,2021-04-02,anthony.com
22,Payne,mayerjerome@hurst-graham.net,2020-11-26,rangel-shields.com
4,Franco,kentryan@stone-oneill.com,2021-06-29,https://welch.info
07,Hawkins,danielbuckley@hatfield.info,2021-05-02,https://www.roberts.com
02,Shaffer,gabrielaleach@rose.net,2021-04-07,chang.org
01,Moran,cartermallory@chung.com,2020-02-28,http://www.holt.com
17,Hammond,lweeks@hooper.org,2022-03-03,morrison.com
5,Blackwell,calhounalisha@hardin.net,2021-03-30,http://carlson.com
6,Newton,ypayne@gaines.biz,2020-08-09,howell.com
08,Archer,nwu@brady-chen.com,2021-05-21,https://www.glenn-snow.com
13,Griffin,harold11@mullen.org,2021-06-02,hurst-graham.net
7,Valencia,andrewsanders@marks.com,2021-04-17,http://ruiz.com
04,Ramsey,amy99@booker.com,2020-12-30,stone-oneill.com
09,Meadows,basschristian@faulkner.com,2020-01-01,https://www.newman.com
8,Brock,ldelacruz@spence.com,2021-06-27,hatfield.info
04,Pope,hayleyritter@price.net,2020-05-19,rose.net
02,Stanton,yhebert@hays-rivera.com,2020-01-23,https://www.hoffman-rubio.com
11,Flynn,austinhobbs@briggs.com,2020-09-05,chung.com
26,Williamson,zramos@haney.org,2020-03-06,https://hinton.info
9,Calderon,shelley82@jarvis.com,2021-06-17,hooper.org
06,Walton,sharigriffin@cameron.com,2020-11-15,https://bush-huynh.org
29,Mack,rpace@huynh.com,2021-03-01,https://barker-bishop.info
10,Jacobson,emullins@simpson-christensen.com,2021-09-02,hardin.net
11,Harper,patricialeach@hernandez.biz,2020-07-06,gaines.biz
05,Mayer,mindy15@fuentes.org,2020-07-15,https://figueroa.com
02,Owens,jake39@little.com,2022-01-02,brady-chen.com
12,Davies,mhudson@hardin.com,2021-03-09,http://www.callahan.net
04,Cruz,nlane@kane-pennington.com,2022-05-03,mullen.org
07,Hubbard,savannah10@simpson.com,2021-03-17,http://www.mclaughlin-hubbard.net
13,Bennett,cristian16@hill-beard.com,2021-01-12,http://www.myers.com
02,Hansen,jasmineaustin@whitehead.info,2020-01-14,marks.com
28,Foster,samuel97@wyatt.com,2020-10-29,http://www.larsen-floyd.biz
14,Medina,karlgarrett@fischer.biz,2020-03-02,booker.com
03,Santana,biancahenry@hernandez.org,2021-06-11,faulkner.com
03,Moreno,marisa13@hickman.com,2022-02-12,https://chavez.com
15,Bush,billymorris@lambert-irwin.com,2020-02-13,spence.com
03,Davenport,barry91@howe.info,2020-05-10,https://www.norman.org
30,Terry,kdavies@owen-humphrey.info,2021-01-04,http://www.moyer.com
16,Esparza,gregghendricks@conner-weiss.info,2020-09-24,price.net
08,Richard,alfredbradford@perry.com,2022-04-17,http://young.com
09,Moore,ngilmore@bush.net,2021-12-25,hays-rivera.com
17,Gillespie,vgilbert@romero.biz,2020-06-23,http://huerta-cordova.info
05,Lin,dgould@graham-winters.com,2021-10-06,briggs.com
21,Thomas,fsuarez@cooper-montes.biz,2021-10-21,http://www.allison-clements.com
06,Fischer,natasha83@delacruz-edwards.com,2020-01-26,haney.org
02,West,mbonilla@hampton.com,2020-01-22,jarvis.com
18,Morton,basskaylee@lynn-gill.biz,2021-08-19,http://www.larsen.org
19,Guerra,lfaulkner@villanueva.com,2022-05-12,cameron.com
04,Shelton,maystiffany@davidson.com,2022-04-21,https://quinn.biz
17,Meza,katie69@romero.net,2020-11-12,huynh.com
20,Tapia,valerie35@olsen.com,2020-10-11,http://www.macdonald-lyons.com
12,Powell,ivanhiggins@charles-estrada.com,2021-09-30,simpson-christensen.com
30,Irwin,xcallahan@cantu.com,2021-06-26,http://www.guerra-armstrong.com
01,Hodge,melvindrake@friedman-bradley.com,2021-10-22,hernandez.biz
01,Drake,carpentergary@vance-weeks.com,2022-03-03,http://www.barajas-hendrix.com
21,Tran,duartejohnathan@pennington.com,2020-09-02,fuentes.org
22,Webster,zbrock@blevins-payne.com,2020-03-10,http://perkins.com
06,Mcclure,phelpsandres@hartman-cooper.org,2021-03-15,https://mckee-hill.net
27,Bridges,nataliefarley@richardson.com,2021-10-05,little.com
23,Washington,daisyblair@walsh-holmes.org,2021-12-05,https://www.bray.com
05,Ayala,thomasnicholas@blankenship-ford.com,2021-09-26,hardin.com
19,Hooper,hburke@duke-mcmahon.com,2020-12-05,kane-pennington.com
24,Robbins,lonnielittle@hoffman-meadows.com,2020-03-15,https://www.tran.net
01,Cobb,qmcdaniel@cruz.net,2020-12-20,https://www.velazquez-wright.com
23,Salas,austinvang@glenn.com,2021-06-22,simpson.com
25,Long,shortfrederick@cobb.net,2020-01-12,https://www.frederick.com
09,Kemp,yolanda69@rosario.com,2022-01-09,hill-beard.com
05,Horn,michaela80@russell.com,2020-07-21,whitehead.info
03,Spears,ashley39@garrison.com,2020-02-26,https://www.graves.info
06,Ortiz,alan50@hobbs.info,2021-09-13,wyatt.com
26,Ortega,hsantos@lopez.info,2020-05-21,https://www.schmitt.com
06,Cantu,robbinsgordon@dyer-kim.info,2021-09-29,fischer.biz
17,Pittman,meghanfernandez@patel-todd.com,2020-11-02,http://www.nicholson.org
27,Cowan,gabrielarobbins@hawkins-bernard.com,2020-09-05,http://www.gates.net
28,Chen,qlarson@berry.biz,2021-09-24,hernandez.org
11,Stanley,hmorgan@olson.com,2020-04-30,hickman.com
15,Gallegos,charlottemercer@hensley.net,2020-12-12,https://www.gillespie.biz
29,Pruitt,escobarisabella@harrell-santiago.info,2020-10-13,http://www.zhang.com
03,Vaughan,jessica36@hart.com,2021-08-17,lambert-irwin.com
01,Bautista,ellen80@bonilla.com,2020-10-22,howe.info
30,Chase,chavezrandall@mckinney-stafford.net,2020-05-27,https://www.davenport.com
09,Hurley,gravesgrace@molina.org,2020-06-23,owen-humphrey.info
02,Huang,hhuerta@morris-case.info,2021-04-25,http://www.grimes-summers.com
07,Cummings,ydavid@potter.com,2022-05-16,conner-weiss.info
06,Jackson,colealexander@turner.biz,2020-09-20,http://harris.net
31,Chapman,carpenterkylie@chambers-frost.com,2021-02-11,perry.com
32,Cortez,adrian55@gardner-gaines.com,2022-04-14,https://www.delacruz.com
07,Hendrix,bonillaalex@cervantes.org,2021-03-20,https://www.tyler.com
15,Buchanan,maureen18@barr.org,2020-12-24,bush.net
33,Moore,ocole@sanders-lowery.net,2020-04-22,https://www.long-hickman.com
01,Tanner,spencerbright@powell.biz,2021-12-10,romero.biz
02,Sims,dawncoffey@barker.com,2022-05-15,https://johns-sharp.com
34,Strong,anthonyzuniga@tucker.com,2021-07-27,graham-winters.com
